--
-- PostgreSQL database dump
--

-- Dumped from database version 11.16 (Debian 11.16-0+deb10u1)
-- Dumped by pg_dump version 14.2

-- Started on 2023-02-02 11:17:20

SET statement_timeout = 0;
SET lock_timeout = 0;
SET idle_in_transaction_session_timeout = 0;
SET client_encoding = 'UTF8';
SET standard_conforming_strings = on;
SELECT pg_catalog.set_config('search_path', '', false);
SET check_function_bodies = false;
SET xmloption = content;
SET client_min_messages = warning;
SET row_security = off;

DROP DATABASE "Master_UDC_2022_G1";
--
-- TOC entry 2963 (class 1262 OID 204967)
-- Name: Master_UDC_2022_G1; Type: DATABASE; Schema: -; Owner: -
--

CREATE DATABASE "Master_UDC_2022_G1" WITH TEMPLATE = template0 ENCODING = 'UTF8' LOCALE = 'en_US.UTF-8';


\connect "Master_UDC_2022_G1"

SET statement_timeout = 0;
SET lock_timeout = 0;
SET idle_in_transaction_session_timeout = 0;
SET client_encoding = 'UTF8';
SET standard_conforming_strings = on;
SELECT pg_catalog.set_config('search_path', '', false);
SET check_function_bodies = false;
SET xmloption = content;
SET client_min_messages = warning;
SET row_security = off;

--
-- TOC entry 3 (class 2615 OID 2200)
-- Name: public; Type: SCHEMA; Schema: -; Owner: -
--

CREATE SCHEMA public;


--
-- TOC entry 2964 (class 0 OID 0)
-- Dependencies: 3
-- Name: SCHEMA public; Type: COMMENT; Schema: -; Owner: -
--

COMMENT ON SCHEMA public IS 'standard public schema';


SET default_tablespace = '';

--
-- TOC entry 197 (class 1259 OID 205388)
-- Name: contacts; Type: TABLE; Schema: public; Owner: -
--

CREATE TABLE public.contacts (
    id integer NOT NULL,
    brand character varying(255) NOT NULL,
    colour character varying(255) NOT NULL,
    model character varying(255) NOT NULL,
    price integer NOT NULL
);


--
-- TOC entry 196 (class 1259 OID 205386)
-- Name: contacts_id_seq; Type: SEQUENCE; Schema: public; Owner: -
--

CREATE SEQUENCE public.contacts_id_seq
    AS integer
    START WITH 1
    INCREMENT BY 1
    NO MINVALUE
    NO MAXVALUE
    CACHE 1;


--
-- TOC entry 2965 (class 0 OID 0)
-- Dependencies: 196
-- Name: contacts_id_seq; Type: SEQUENCE OWNED BY; Schema: public; Owner: -
--

ALTER SEQUENCE public.contacts_id_seq OWNED BY public.contacts.id;


--
-- TOC entry 199 (class 1259 OID 205399)
-- Name: profiles; Type: TABLE; Schema: public; Owner: -
--

CREATE TABLE public.profiles (
    id integer NOT NULL,
    description character varying(255),
    name character varying(255)
);


--
-- TOC entry 198 (class 1259 OID 205397)
-- Name: profiles_id_seq; Type: SEQUENCE; Schema: public; Owner: -
--

CREATE SEQUENCE public.profiles_id_seq
    AS integer
    START WITH 1
    INCREMENT BY 1
    NO MINVALUE
    NO MAXVALUE
    CACHE 1;


--
-- TOC entry 2966 (class 0 OID 0)
-- Dependencies: 198
-- Name: profiles_id_seq; Type: SEQUENCE OWNED BY; Schema: public; Owner: -
--

ALTER SEQUENCE public.profiles_id_seq OWNED BY public.profiles.id;


--
-- TOC entry 200 (class 1259 OID 205408)
-- Name: profiles_sections_map; Type: TABLE; Schema: public; Owner: -
--

CREATE TABLE public.profiles_sections_map (
    profile_id integer NOT NULL,
    section_id integer NOT NULL
);


--
-- TOC entry 202 (class 1259 OID 205413)
-- Name: sections; Type: TABLE; Schema: public; Owner: -
--

CREATE TABLE public.sections (
    id integer NOT NULL,
    alias character varying(255),
    description character varying(255),
    name character varying(255)
);


--
-- TOC entry 201 (class 1259 OID 205411)
-- Name: sections_id_seq; Type: SEQUENCE; Schema: public; Owner: -
--

CREATE SEQUENCE public.sections_id_seq
    AS integer
    START WITH 1
    INCREMENT BY 1
    NO MINVALUE
    NO MAXVALUE
    CACHE 1;


--
-- TOC entry 2967 (class 0 OID 0)
-- Dependencies: 201
-- Name: sections_id_seq; Type: SEQUENCE OWNED BY; Schema: public; Owner: -
--

ALTER SEQUENCE public.sections_id_seq OWNED BY public.sections.id;


--
-- TOC entry 204 (class 1259 OID 205424)
-- Name: users; Type: TABLE; Schema: public; Owner: -
--

CREATE TABLE public.users (
    id integer NOT NULL,
    login character varying(255),
    name character varying(255),
    nif character varying(255),
    password character varying(255),
    surname1 character varying(255),
    surname2 character varying(255)
);


--
-- TOC entry 203 (class 1259 OID 205422)
-- Name: users_id_seq; Type: SEQUENCE; Schema: public; Owner: -
--

CREATE SEQUENCE public.users_id_seq
    AS integer
    START WITH 1
    INCREMENT BY 1
    NO MINVALUE
    NO MAXVALUE
    CACHE 1;


--
-- TOC entry 2968 (class 0 OID 0)
-- Dependencies: 203
-- Name: users_id_seq; Type: SEQUENCE OWNED BY; Schema: public; Owner: -
--

ALTER SEQUENCE public.users_id_seq OWNED BY public.users.id;


--
-- TOC entry 205 (class 1259 OID 205433)
-- Name: users_profiles_map; Type: TABLE; Schema: public; Owner: -
--

CREATE TABLE public.users_profiles_map (
    user_id integer NOT NULL,
    profile_id integer NOT NULL
);


--
-- TOC entry 2805 (class 2604 OID 205391)
-- Name: contacts id; Type: DEFAULT; Schema: public; Owner: -
--

ALTER TABLE ONLY public.contacts ALTER COLUMN id SET DEFAULT nextval('public.contacts_id_seq'::regclass);


--
-- TOC entry 2806 (class 2604 OID 205402)
-- Name: profiles id; Type: DEFAULT; Schema: public; Owner: -
--

ALTER TABLE ONLY public.profiles ALTER COLUMN id SET DEFAULT nextval('public.profiles_id_seq'::regclass);


--
-- TOC entry 2807 (class 2604 OID 205416)
-- Name: sections id; Type: DEFAULT; Schema: public; Owner: -
--

ALTER TABLE ONLY public.sections ALTER COLUMN id SET DEFAULT nextval('public.sections_id_seq'::regclass);


--
-- TOC entry 2808 (class 2604 OID 205427)
-- Name: users id; Type: DEFAULT; Schema: public; Owner: -
--

ALTER TABLE ONLY public.users ALTER COLUMN id SET DEFAULT nextval('public.users_id_seq'::regclass);


--
-- TOC entry 2949 (class 0 OID 205388)
-- Dependencies: 197
-- Data for Name: contacts; Type: TABLE DATA; Schema: public; Owner: -
--

INSERT INTO public.contacts VALUES (14, 'PAGANI', 'GREY', 'ZONDA R', 1000000);
INSERT INTO public.contacts VALUES (3, 'TOYOTA', 'ORANGE', 'SUPRA', 120000);
INSERT INTO public.contacts VALUES (5, 'SEAT', 'RED', 'IBIZA', 5000);
INSERT INTO public.contacts VALUES (12, 'RENAULT', 'ORANGE', 'CLIO', 12000);
INSERT INTO public.contacts VALUES (13, 'MERCEDES', 'PINK', 'CLASE A AMG', 70000);
INSERT INTO public.contacts VALUES (1, 'NISSAN', 'GREY', 'SKYLINE', 110000);
INSERT INTO public.contacts VALUES (7, 'SEAT', 'BROWN', 'ATECA', 30000);
INSERT INTO public.contacts VALUES (16, 'MCLAREN', 'YELLOW', 'F1', 1000000);
INSERT INTO public.contacts VALUES (21, 'LAMBORGHINI', 'GREY', 'VENENO', 3000000);
INSERT INTO public.contacts VALUES (24, 'SEAT', 'RED', 'IBIZA', 15000);
INSERT INTO public.contacts VALUES (22, 'FORD', 'BLACK', 'FOCUS', 11000);
INSERT INTO public.contacts VALUES (18, 'SUBARU', 'BLUE', 'IMPREZA', 44000);
INSERT INTO public.contacts VALUES (17, 'CITROEN', 'RED', 'C4', 22000);
INSERT INTO public.contacts VALUES (4, 'CHEVROLET', 'BLACK', 'CAMARO', 75000);


--
-- TOC entry 2951 (class 0 OID 205399)
-- Dependencies: 199
-- Data for Name: profiles; Type: TABLE DATA; Schema: public; Owner: -
--

INSERT INTO public.profiles VALUES (1, 'Acceso general', 'Administrador');
INSERT INTO public.profiles VALUES (2, 'Acceso restringido', 'Cliente');


--
-- TOC entry 2952 (class 0 OID 205408)
-- Dependencies: 200
-- Data for Name: profiles_sections_map; Type: TABLE DATA; Schema: public; Owner: -
--

INSERT INTO public.profiles_sections_map VALUES (1, 1);
INSERT INTO public.profiles_sections_map VALUES (2, 2);
INSERT INTO public.profiles_sections_map VALUES (2, 1);
INSERT INTO public.profiles_sections_map VALUES (1, 3);


--
-- TOC entry 2954 (class 0 OID 205413)
-- Dependencies: 202
-- Data for Name: sections; Type: TABLE DATA; Schema: public; Owner: -
--

INSERT INTO public.sections VALUES (1, 'CONTACTS', 'Acceso al modo edici칩n dentro del cat치logo', 'Contactos');
INSERT INTO public.sections VALUES (2, 'CATALOGO', 'Acceso al cat치logo', 'Cat치logo');
INSERT INTO public.sections VALUES (3, 'ADMIN', 'acceso supremo de dios', 'Admin');


--
-- TOC entry 2956 (class 0 OID 205424)
-- Dependencies: 204
-- Data for Name: users; Type: TABLE DATA; Schema: public; Owner: -
--

INSERT INTO public.users VALUES (1, 'demo', 'Demo', NULL, 'C5rCRzh9s2DPHYrnnLS/eg==', 'Demo', NULL);
INSERT INTO public.users VALUES (10, 'democliente', 'Demo', NULL, 'MKvT2IfPYQY86eAk27uVSg==', 'Cliente', NULL);
INSERT INTO public.users VALUES (2, 'polikiwi', 'Pablo', NULL, 'KiiNIC+EcoLuZ5hH8tbjNA==', 'Diaz', NULL);


--
-- TOC entry 2957 (class 0 OID 205433)
-- Dependencies: 205
-- Data for Name: users_profiles_map; Type: TABLE DATA; Schema: public; Owner: -
--

INSERT INTO public.users_profiles_map VALUES (1, 1);
INSERT INTO public.users_profiles_map VALUES (10, 2);
INSERT INTO public.users_profiles_map VALUES (2, 1);


--
-- TOC entry 2969 (class 0 OID 0)
-- Dependencies: 196
-- Name: contacts_id_seq; Type: SEQUENCE SET; Schema: public; Owner: -
--

SELECT pg_catalog.setval('public.contacts_id_seq', 24, true);


--
-- TOC entry 2970 (class 0 OID 0)
-- Dependencies: 198
-- Name: profiles_id_seq; Type: SEQUENCE SET; Schema: public; Owner: -
--

SELECT pg_catalog.setval('public.profiles_id_seq', 1, true);


--
-- TOC entry 2971 (class 0 OID 0)
-- Dependencies: 201
-- Name: sections_id_seq; Type: SEQUENCE SET; Schema: public; Owner: -
--

SELECT pg_catalog.setval('public.sections_id_seq', 2, true);


--
-- TOC entry 2972 (class 0 OID 0)
-- Dependencies: 203
-- Name: users_id_seq; Type: SEQUENCE SET; Schema: public; Owner: -
--

SELECT pg_catalog.setval('public.users_id_seq', 5, true);


--
-- TOC entry 2810 (class 2606 OID 205396)
-- Name: contacts contacts_pkey; Type: CONSTRAINT; Schema: public; Owner: -
--

ALTER TABLE ONLY public.contacts
    ADD CONSTRAINT contacts_pkey PRIMARY KEY (id);


--
-- TOC entry 2812 (class 2606 OID 205407)
-- Name: profiles profiles_pkey; Type: CONSTRAINT; Schema: public; Owner: -
--

ALTER TABLE ONLY public.profiles
    ADD CONSTRAINT profiles_pkey PRIMARY KEY (id);


--
-- TOC entry 2814 (class 2606 OID 205421)
-- Name: sections sections_pkey; Type: CONSTRAINT; Schema: public; Owner: -
--

ALTER TABLE ONLY public.sections
    ADD CONSTRAINT sections_pkey PRIMARY KEY (id);


--
-- TOC entry 2816 (class 2606 OID 205441)
-- Name: sections uk_3hhqmvx0pt70xjvmjdo5a76go; Type: CONSTRAINT; Schema: public; Owner: -
--

ALTER TABLE ONLY public.sections
    ADD CONSTRAINT uk_3hhqmvx0pt70xjvmjdo5a76go UNIQUE (alias);


--
-- TOC entry 2818 (class 2606 OID 205443)
-- Name: users uk_ow0gan20590jrb00upg3va2fn; Type: CONSTRAINT; Schema: public; Owner: -
--

ALTER TABLE ONLY public.users
    ADD CONSTRAINT uk_ow0gan20590jrb00upg3va2fn UNIQUE (login);


--
-- TOC entry 2820 (class 2606 OID 205432)
-- Name: users users_pkey; Type: CONSTRAINT; Schema: public; Owner: -
--

ALTER TABLE ONLY public.users
    ADD CONSTRAINT users_pkey PRIMARY KEY (id);


--
-- TOC entry 2822 (class 2606 OID 205437)
-- Name: users_profiles_map users_profiles_map_pkey; Type: CONSTRAINT; Schema: public; Owner: -
--

ALTER TABLE ONLY public.users_profiles_map
    ADD CONSTRAINT users_profiles_map_pkey PRIMARY KEY (user_id, profile_id);


--
-- TOC entry 2826 (class 2606 OID 205459)
-- Name: users_profiles_map fkgu8qveimyui706fn78n4xbenf; Type: FK CONSTRAINT; Schema: public; Owner: -
--

ALTER TABLE ONLY public.users_profiles_map
    ADD CONSTRAINT fkgu8qveimyui706fn78n4xbenf FOREIGN KEY (user_id) REFERENCES public.users(id);


--
-- TOC entry 2823 (class 2606 OID 205444)
-- Name: profiles_sections_map fkkqferkfgrrnho62b21rya9ej9; Type: FK CONSTRAINT; Schema: public; Owner: -
--

ALTER TABLE ONLY public.profiles_sections_map
    ADD CONSTRAINT fkkqferkfgrrnho62b21rya9ej9 FOREIGN KEY (section_id) REFERENCES public.sections(id);


--
-- TOC entry 2824 (class 2606 OID 205449)
-- Name: profiles_sections_map fknbjkd2pgwcyijblewp1d33rox; Type: FK CONSTRAINT; Schema: public; Owner: -
--

ALTER TABLE ONLY public.profiles_sections_map
    ADD CONSTRAINT fknbjkd2pgwcyijblewp1d33rox FOREIGN KEY (profile_id) REFERENCES public.profiles(id);


--
-- TOC entry 2825 (class 2606 OID 205454)
-- Name: users_profiles_map fksv94wyv9yb3b2hmvr5f48o281; Type: FK CONSTRAINT; Schema: public; Owner: -
--

ALTER TABLE ONLY public.users_profiles_map
    ADD CONSTRAINT fksv94wyv9yb3b2hmvr5f48o281 FOREIGN KEY (profile_id) REFERENCES public.profiles(id);


-- Completed on 2023-02-02 11:17:22

--
-- PostgreSQL database dump complete
--

